id,name,breed_primary,breed_secondary,age,gender,size,coat,status,location,description,photos
75862499,Charlie,German Shepherd Dog,,Adult,Female,Large,,adoptable,"Jamesville, NY",This sweet 6-year-old German Shepherd girl is looking for a new home. Charlie loves to play fetch and is full...,"['https://dbw3zep4prcju.cloudfront.net/animal/d3a4db86-dc10-4f98-b281-7e19f2d3cbf4/image/16993633-61ed-4790-aef4-ebe53846dded.jpg?versionId=OaX5ng8b5jHLWBB.zwSySd8k6KglsDZa&bust=1743440317', 'https://dbw3zep4prcju.cloudfront.net/animal/d3a4db86-dc10-4f98-b281-7e19f2d3cbf4/image/d3c1187d-d13c-496b-a6e4-1e9946331e26.jpg?versionId=jQfxZJgWaHpItYc2qxd7dUWeNNZeneth&bust=1743440420', 'https://dbw3zep4prcju.cloudfront.net/animal/d3a4db86-dc10-4f98-b281-7e19f2d3cbf4/image/b0c49370-e985-4317-a26f-31955394abd9.jpg?versionId=0MQlXCWo.tDabWxyoPSfcjZjUTs1kZRR&bust=1743440421', 'https://dbw3zep4prcju.cloudfront.net/animal/d3a4db86-dc10-4f98-b281-7e19f2d3cbf4/image/8bfa07ce-59ad-4d68-bf97-297034732bbd.jpg?versionId=HoZ8ZpVBVCmAr8HIZLDbtAuEawzbwTOe&bust=1743440421']"
75860969,London (Scarlett),Mixed Breed,,Adult,Female,Medium,,adoptable,"Glenfield, NY",,['https://dl5zpyw5k3jeb.cloudfront.net/photos/pets/75860969/1/?bust=1743430416']
75856556,Cheddar,Labrador Retriever,Chocolate Labrador Retriever,Baby,Female,Medium,Short,adoptable,"DeWitt, NY",Cheddar was found abandoned in a box on the side of a road. A kind person picked her up and...,"['https://dbw3zep4prcju.cloudfront.net/animal/8b09e7db-1982-4161-9ada-5498a6bb5149/image/b4b0108a-c315-4d3a-bcec-4b46940013ba.jpeg?versionId=hUQBE0Z55Xdj7_aZ0Gj0E.y9aNcvAKeK&bust=1743389516', 'https://dbw3zep4prcju.cloudfront.net/animal/8b09e7db-1982-4161-9ada-5498a6bb5149/image/50aca132-6c20-4b1d-a371-731fe152a759.jpeg?versionId=mjPFNo5kVPU2TQz3oKj5URgCPACgc7BI&bust=1743389517', 'https://dbw3zep4prcju.cloudfront.net/animal/8b09e7db-1982-4161-9ada-5498a6bb5149/image/1f619332-6ef2-42a6-9489-a5f6b1b52c6d.jpeg?versionId=VsZS.UmpdTLk_HsHCEaVBikmpCJseDVJ&bust=1743389517', 'https://dbw3zep4prcju.cloudfront.net/animal/8b09e7db-1982-4161-9ada-5498a6bb5149/image/8303567f-c9b8-48ac-ac12-cc5ff8d72983.jpeg?versionId=DcgR0eb.UDbAWkKvjY2_U7bMkq5s2WzH&bust=1743389516', 'https://dbw3zep4prcju.cloudfront.net/animal/8b09e7db-1982-4161-9ada-5498a6bb5149/image/8ba10f79-c9c9-460d-899a-1b1be18509d7.jpeg?versionId=ISAq_kKUrKQz8bqS24t5Nsc_0_pVoWhg&bust=1743389515', 'https://dbw3zep4prcju.cloudfront.net/animal/8b09e7db-1982-4161-9ada-5498a6bb5149/image/38a9a160-5908-4fd2-9255-d6c8ea7fb082.jpeg?versionId=dzElhp6ag78lEQ74sdvlTvVNc2kyc.Fv&bust=1743389515']"
75849761,OK/Bo Beau,Brittany Spaniel,,Adult,Male,Medium,,adoptable,"Baldwinsville, NY","Foster to Adopt - Could I be the one to fit into your home? If you think it could work,...","['https://dl5zpyw5k3jeb.cloudfront.net/photos/pets/75849761/1/?bust=1743339458', 'https://dl5zpyw5k3jeb.cloudfront.net/photos/pets/75849761/2/?bust=1743339456', 'https://dl5zpyw5k3jeb.cloudfront.net/photos/pets/75849761/3/?bust=1743339457']"
75849762,OK/Ryder Lee,Brittany Spaniel,,Young,Male,Medium,,adoptable,"Baldwinsville, NY","Meet Ryder Lee - Your High-Flying, Cuddle-Loving Brittany Pup!

Hi there! I&amp;#39;m Ryder Lee, a 10-month-old, 43-pound orange and white...","['https://dl5zpyw5k3jeb.cloudfront.net/photos/pets/75849762/1/?bust=1743339461', 'https://dl5zpyw5k3jeb.cloudfront.net/photos/pets/75849762/2/?bust=1743339461', 'https://dl5zpyw5k3jeb.cloudfront.net/photos/pets/75849762/3/?bust=1743339460']"
75843645,Maestro,Beagle,,Young,Male,Extra Large,,adoptable,"North Syracuse, NY","Maestro loves human attention, He also likes to play with his puppy friends in playgroup. He has not had any...","['https://dl5zpyw5k3jeb.cloudfront.net/photos/pets/75843645/1/?bust=1743304650', 'https://dl5zpyw5k3jeb.cloudfront.net/photos/pets/75843645/2/?bust=1743304651', 'https://dl5zpyw5k3jeb.cloudfront.net/photos/pets/75843645/3/?bust=1743304653', 'https://dl5zpyw5k3jeb.cloudfront.net/photos/pets/75843645/4/?bust=1743304653', 'https://dl5zpyw5k3jeb.cloudfront.net/photos/pets/75843645/5/?bust=1743304655', 'https://dl5zpyw5k3jeb.cloudfront.net/photos/pets/75843645/6/?bust=1743304656']"
75843160,Abigail,Mixed Breed,,Adult,Female,Medium,,adoptable,"Glenfield, NY","**Meet Abigail (Abbi)!**

Abbi is a 1.5-year-old female pup with a heart full of love and a playful spirit. She...","['https://dl5zpyw5k3jeb.cloudfront.net/photos/pets/75843160/1/?bust=1743302272', 'https://dl5zpyw5k3jeb.cloudfront.net/photos/pets/75843160/2/?bust=1743302267', 'https://dl5zpyw5k3jeb.cloudfront.net/photos/pets/75843160/3/?bust=1743302265', 'https://dl5zpyw5k3jeb.cloudfront.net/photos/pets/75843160/4/?bust=1743302266', 'https://dl5zpyw5k3jeb.cloudfront.net/photos/pets/75843160/5/?bust=1743302270', 'https://dl5zpyw5k3jeb.cloudfront.net/photos/pets/75843160/6/?bust=1743302267']"
75842942,Tessi,Australian Cattle Dog / Blue Heeler,German Shorthaired Pointer,Adult,Female,Medium,Short,adoptable,"DeWitt, NY",Tessi was found wandering alone in a neighborhood. Someone let us know that her owner moved and left her behind....,"['https://dbw3zep4prcju.cloudfront.net/animal/90301dc8-9901-4494-8fe5-34ed90a4735f/image/dd4e75b1-b6cf-4d60-8825-8f9171c5d9d0.jpeg?versionId=2f9t0LavEa_sYhgP.1g_Q7tTkNvfo8tQ&bust=1743300689', 'https://dbw3zep4prcju.cloudfront.net/animal/90301dc8-9901-4494-8fe5-34ed90a4735f/image/89f51e36-8e28-48f5-bf37-ab3dbc66971b.jpeg?versionId=V_Q6Rs_CThogmaQJ06W6hJzXy0e4.XAz&bust=1743300689', 'https://dbw3zep4prcju.cloudfront.net/animal/90301dc8-9901-4494-8fe5-34ed90a4735f/image/431cb162-b145-4b40-bb21-6247ecb6c547.jpeg?versionId=Mfp4ITuN88HFutAyijMU0Q09ywZnpBzG&bust=1743300688', 'https://dbw3zep4prcju.cloudfront.net/animal/90301dc8-9901-4494-8fe5-34ed90a4735f/image/5850a0dd-03ea-4f57-b4a5-017d0c966c58.jpeg?versionId=FdSZo2jWuCcvjUEhBM8BrCR9f7IJRt.g&bust=1743300690', 'https://dbw3zep4prcju.cloudfront.net/animal/90301dc8-9901-4494-8fe5-34ed90a4735f/image/5f75d99c-2544-417d-80e2-20f714101bb8.jpeg?versionId=9x1RMNrMaLQNml5BJJSCULzOnbooaLBU&bust=1743300689']"
75838266,Skylar,Terrier,,Adult,Female,Medium,,adoptable,"Jamesville, NY",Say hello to the stunning Skylar! This sweet and playful girl is around 3 years old and is ready to...,['https://dbw3zep4prcju.cloudfront.net/animal/9735194e-2bbf-4db6-b197-bd9423dc346f/image/75820510-e710-49c9-aee9-8d8fd88d9a64.jpg?versionId=72h_nepGQ7j1Eksjtp8kEYHN28ITJp77&bust=1743253752']
75837265,Louis,Bluetick Coonhound,,Baby,Male,Small,,adoptable,"Canastota, NY",,['https://dl5zpyw5k3jeb.cloudfront.net/photos/pets/75837265/1/?bust=1743424351']
75836939,Happy,Shepherd,,Young,Male,Large,,adoptable,"North Syracuse, NY",Please submit an application at http://helpinghoundsdogrescue.org A processed application is required to visit the rescue.,['https://dl5zpyw5k3jeb.cloudfront.net/photos/pets/75836939/1/?bust=1743240121']
75833539,Chowder,Rottweiler,,Young,Male,Medium,Short,adoptable,"DeWitt, NY",Chowder’s former owner was put in jail and his landlord surrendered him to animal control. The shelter was going to...,"['https://dbw3zep4prcju.cloudfront.net/animal/821ff317-cdf6-4aeb-b9af-5836ce45162e/image/d3ddd640-7452-4c1f-9f21-e2a096bc7637.jpeg?versionId=M4stE4mj0SzF97MRsk3R1yf5xci.uglU&bust=1743213542', 'https://dbw3zep4prcju.cloudfront.net/animal/821ff317-cdf6-4aeb-b9af-5836ce45162e/image/5e3ffc43-dc34-4700-92b4-2809273f4ed8.jpeg?versionId=fBEcFG2DF8vfZYsVk0t4iJsIRVt.uMSr&bust=1743213543', 'https://dbw3zep4prcju.cloudfront.net/animal/821ff317-cdf6-4aeb-b9af-5836ce45162e/image/542ca9ab-c042-4abb-8d67-6f2becec25a4.jpeg?versionId=IKuTuBZaq52JqPUjHUqGfucbkiJ8zo00&bust=1743213541', 'https://dbw3zep4prcju.cloudfront.net/animal/821ff317-cdf6-4aeb-b9af-5836ce45162e/image/6b32f2cb-044f-4109-a62e-c0bdb8d46cd2.jpeg?versionId=4QFxbhGMmoD3xSm6wzRuaJmbuIpNHDkT&bust=1743213542', 'https://dbw3zep4prcju.cloudfront.net/animal/821ff317-cdf6-4aeb-b9af-5836ce45162e/image/74c97363-4012-40e6-853d-ce5388f00459.jpeg?versionId=hlyI3d4iO.n0R8uqpQUFXLz5FkFFAnfx&bust=1743213543', 'https://dbw3zep4prcju.cloudfront.net/animal/821ff317-cdf6-4aeb-b9af-5836ce45162e/image/b3227af7-d17d-4f83-81aa-c9a380ab646f.jpeg?versionId=zPVHbqa5oY9oj0ahKkxpW63N32WYQprt&bust=1743213543']"
75831445,Stella,Yorkshire Terrier,,Senior,Female,Small,Medium,adoptable,"Syracuse, NY",Stella came to the shelter as a stray from the Town of Onondaga.  This senior girl would love a retirement...,['https://dbw3zep4prcju.cloudfront.net/animal/c9a7e02d-47ad-4024-a98f-cf2138f08463/image/ef7ffee8-1b9b-40d6-b976-9a17ad217a7e.jpg?versionId=hDTG11LZO4chagJ01e5UPYoU.fvpo_AY&bust=1743284871']
75831424,Betty,Border Collie,,Adult,Female,Medium,Medium,adoptable,"Syracuse, NY",Betty came to the shelter as a stray from the town of Salina.  She would love a family to grow...,[]
75831380,Hemmy,Schnauzer,,Adult,Female,Medium,Medium,adoptable,"Syracuse, NY",Hemmy came to the shelter as a stray from the Town of Salina.  She is a cutie and would love...,[]
75830035,Harley,Dutch Shepherd,,Young,Female,Medium,Medium,adoptable,"oriskany, NY","Meet Harley! She&#039;s a young, female Dutch Shepherd with lots of love to give and plenty of energy for adventures....","['https://dbw3zep4prcju.cloudfront.net/animal/1bd3d860-201b-418b-ad91-5f9f961b856d/image/5dff9413-6fbd-4508-8395-522c24c4e4a7.jpg?versionId=MlTlyFZrQp1aMQYPL01BYoyncKHHa4KV&bust=1743191634', 'https://dbw3zep4prcju.cloudfront.net/animal/1bd3d860-201b-418b-ad91-5f9f961b856d/image/db4831cf-1399-468b-ad2f-9247c48ed804.jpg?versionId=e1zYOlzEsfUGNTlj_iJe.9Nd99nbIt30&bust=1743191635']"
75820516,Dobby,German Shorthaired Pointer,Mixed Breed,Baby,Male,Medium,,adoptable,"Cortland, NY",Meet Dobby! A bundle of joy with a heart full of love. This playful puppy is all about fun and...,"['https://dl5zpyw5k3jeb.cloudfront.net/photos/pets/75820516/1/?bust=1743401840', 'https://dl5zpyw5k3jeb.cloudfront.net/photos/pets/75820516/2/?bust=1743401840']"
75820514,Dakota,Siberian Husky,,Senior,Male,Large,,adoptable,"Cortland, NY","Hello there, I&amp;#39;m Dakota! I&amp;#39;m a Husky with an energy that&amp;#39;s contagious. My funny antics will keep you laughing all...","['https://dl5zpyw5k3jeb.cloudfront.net/photos/pets/75820514/1/?bust=1743401839', 'https://dl5zpyw5k3jeb.cloudfront.net/photos/pets/75820514/2/?bust=1743401842', 'https://dl5zpyw5k3jeb.cloudfront.net/photos/pets/75820514/3/?bust=1743401840', 'https://dl5zpyw5k3jeb.cloudfront.net/photos/pets/75820514/4/?bust=1743401841', 'https://dl5zpyw5k3jeb.cloudfront.net/photos/pets/75820514/5/?bust=1743401841', 'https://dl5zpyw5k3jeb.cloudfront.net/photos/pets/75820514/6/?bust=1743401842']"
75820515,Twilight,Terrier,Mixed Breed,Young,Female,Medium,,adoptable,"Cortland, NY","Hi, I&amp;#39;m Twilight! I&amp;#39;m a sweet, friendly gal with a dash of curiosity and a sprinkle of goofiness. I absolutely...","['https://dl5zpyw5k3jeb.cloudfront.net/photos/pets/75820515/1/?bust=1743401839', 'https://dl5zpyw5k3jeb.cloudfront.net/photos/pets/75820515/2/?bust=1743401841', 'https://dl5zpyw5k3jeb.cloudfront.net/photos/pets/75820515/3/?bust=1743401838', 'https://dl5zpyw5k3jeb.cloudfront.net/photos/pets/75820515/4/?bust=1743401844', 'https://dl5zpyw5k3jeb.cloudfront.net/photos/pets/75820515/5/?bust=1743401839', 'https://dl5zpyw5k3jeb.cloudfront.net/photos/pets/75820515/6/?bust=1743401840']"
75803406,Daisy,Beagle,,Adult,Female,Medium,,adoptable,"Homer, NY",,[]
75801930,Laa Laa,German Shepherd Dog,Anatolian Shepherd,Baby,Female,Large,,adoptable,"Liverpool, NY",Contact HumaneCNY if interested in this animal. You can fill out application to adopt at the shelter.,"['https://dl5zpyw5k3jeb.cloudfront.net/photos/pets/75801930/1/?bust=1743059763', 'https://dl5zpyw5k3jeb.cloudfront.net/photos/pets/75801930/2/?bust=1743059760']"
75801928,Dipsy,German Shepherd Dog,Anatolian Shepherd,Baby,Male,Large,,adoptable,"Liverpool, NY",Contact HumaneCNY if interested in this animal. You can fill out application to adopt at the shelter.,"['https://dl5zpyw5k3jeb.cloudfront.net/photos/pets/75801928/1/?bust=1743060335', 'https://dl5zpyw5k3jeb.cloudfront.net/photos/pets/75801928/2/?bust=1743060334']"
75801932,Tinky-Winky,German Shepherd Dog,Anatolian Shepherd,Baby,Male,Large,,adoptable,"Liverpool, NY",Contact HumaneCNY if interested in this animal. You can fill out application to adopt at the shelter.,"['https://dl5zpyw5k3jeb.cloudfront.net/photos/pets/75801932/1/?bust=1743060434', 'https://dl5zpyw5k3jeb.cloudfront.net/photos/pets/75801932/2/?bust=1743060437']"
75798730,Carley,Chow Chow,,Adult,Female,Medium,,adoptable,"North Syracuse, NY",Carley is a dog who loves to be relaxed and enjoy time with her humans. She also enjoys walks and...,"['https://dl5zpyw5k3jeb.cloudfront.net/photos/pets/75798730/1/?bust=1743040313', 'https://dl5zpyw5k3jeb.cloudfront.net/photos/pets/75798730/2/?bust=1743040310']"
75791521,Celeste,Terrier,Mixed Breed,Senior,Female,Medium,,adoptable,"Cortland, NY","Meet Celeste, a gentle soul with a heart full of love. Despite her senior status, she exudes a youthful charm...","['https://dl5zpyw5k3jeb.cloudfront.net/photos/pets/75791521/1/?bust=1743401849', 'https://dl5zpyw5k3jeb.cloudfront.net/photos/pets/75791521/2/?bust=1743401847', 'https://dl5zpyw5k3jeb.cloudfront.net/photos/pets/75791521/3/?bust=1743401846', 'https://dl5zpyw5k3jeb.cloudfront.net/photos/pets/75791521/4/?bust=1743401850']"
75786829,Bryce,Terrier,,Young,Male,Medium,,adoptable,"North Syracuse, NY","Bryce has never met a stranger! He greets humans and dogs with a happy, wiggly butt! He does fantastic in...","['https://dl5zpyw5k3jeb.cloudfront.net/photos/pets/75786829/1/?bust=1742965234', 'https://dl5zpyw5k3jeb.cloudfront.net/photos/pets/75786829/2/?bust=1742994151']"
75783152,willow,Mixed Breed,,Baby,Female,Medium,,adoptable,"Homer, NY",,[]
75781291,Wolf,Husky,Mixed Breed,Senior,Male,Large,,adoptable,"Cortland, NY",I am a sweet older guy who loves to hang out outside with my brother Hobbs! I also like a...,"['https://dl5zpyw5k3jeb.cloudfront.net/photos/pets/75781291/1/?bust=1743401839', 'https://dl5zpyw5k3jeb.cloudfront.net/photos/pets/75781291/2/?bust=1743401840', 'https://dl5zpyw5k3jeb.cloudfront.net/photos/pets/75781291/3/?bust=1743401839', 'https://dl5zpyw5k3jeb.cloudfront.net/photos/pets/75781291/4/?bust=1743401838', 'https://dl5zpyw5k3jeb.cloudfront.net/photos/pets/75781291/5/?bust=1743401836', 'https://dl5zpyw5k3jeb.cloudfront.net/photos/pets/75781291/6/?bust=1743401839']"
75781290,Hobbs,Mixed Breed,,Senior,Male,Medium,,adoptable,"Cortland, NY",I am an outgoing guy who is curious and has lots to say about the world! I love to go...,"['https://dl5zpyw5k3jeb.cloudfront.net/photos/pets/75781290/1/?bust=1743401844', 'https://dl5zpyw5k3jeb.cloudfront.net/photos/pets/75781290/2/?bust=1743401846', 'https://dl5zpyw5k3jeb.cloudfront.net/photos/pets/75781290/3/?bust=1743401844', 'https://dl5zpyw5k3jeb.cloudfront.net/photos/pets/75781290/4/?bust=1743401848', 'https://dl5zpyw5k3jeb.cloudfront.net/photos/pets/75781290/5/?bust=1743401845', 'https://dl5zpyw5k3jeb.cloudfront.net/photos/pets/75781290/6/?bust=1743401846']"
75779892,Bowser,Shepherd,,Adult,Male,Large,,adoptable,"North Syracuse, NY",Bowser is a local guy who is looking for a 2nd chance at life. He is friendly to all and...,"['https://dl5zpyw5k3jeb.cloudfront.net/photos/pets/75779892/1/?bust=1743355408', 'https://dl5zpyw5k3jeb.cloudfront.net/photos/pets/75779892/2/?bust=1743355410']"
75770650,Peach,Terrier,,Young,Female,Medium,,adoptable,"North Syracuse, NY","Peach is deaf, but it does not define her. She can easily be taught hand signals. She is just a...","['https://dl5zpyw5k3jeb.cloudfront.net/photos/pets/75770650/1/?bust=1743304657', 'https://dl5zpyw5k3jeb.cloudfront.net/photos/pets/75770650/2/?bust=1743304659']"
75768665,Sammie,Treeing Walker Coonhound,,Adult,Male,Large,,adoptable,"Liverpool, NY",Contact HumaneCNY if interested in this animal. You can fill out application to adopt at the shelter.,['https://dl5zpyw5k3jeb.cloudfront.net/photos/pets/75768665/1/?bust=1743318459']
75745775,Milo,Carolina Dog,,Young,Female,Medium,Short,adoptable,"oriskany, NY","Meet Milo, an adorable, spayed 2-year-old female dog who is full of energy and love! She is an affectionate and...","['https://dbw3zep4prcju.cloudfront.net/animal/b0299c9d-b0af-4018-a3dd-92b9a52a6d7f/image/f5a2fbb8-7d46-4247-9d14-04c1022f8f08.jpg?versionId=pdyVYbEC0AN0JSF.buRM3zM3CoiQOIeA&bust=1742743967', 'https://dbw3zep4prcju.cloudfront.net/animal/b0299c9d-b0af-4018-a3dd-92b9a52a6d7f/image/71a87406-f31a-4918-bfa6-85d4fac02099.jpg?versionId=S2t9eHkGTmETE0PQQFy3f87.lebK8h2o&bust=1742743967', 'https://dbw3zep4prcju.cloudfront.net/animal/b0299c9d-b0af-4018-a3dd-92b9a52a6d7f/image/a65c1be5-7313-4d85-85cb-322fe8b3e8ff.jpg?versionId=Hr1hEg._xlDHvTEH2Psl1lIdls_RNc91&bust=1742743967', 'https://dbw3zep4prcju.cloudfront.net/animal/b0299c9d-b0af-4018-a3dd-92b9a52a6d7f/image/c2a33885-2b7c-4708-b5ed-dabe362f5b86.jpg?versionId=j0xbO6kTu3.koEckQpQ8TE13nWc2ozDv&bust=1742743968', 'https://dbw3zep4prcju.cloudfront.net/animal/b0299c9d-b0af-4018-a3dd-92b9a52a6d7f/image/c56e1dad-ee66-4c0e-9f73-da316694223b.jpg?versionId=HNo30QRd4DVLBv94BfclqmGvwbHUIXrL&bust=1742743968', 'https://dbw3zep4prcju.cloudfront.net/animal/b0299c9d-b0af-4018-a3dd-92b9a52a6d7f/image/f70e728b-13a0-45f8-ba9e-84b1f1e69f21.jpg?versionId=RCAAgYIdBBC3wGSfnBLOpwQrRXnm4dsO&bust=1742743964']"
75744691,Tuna 21,Pit Bull Terrier,,Adult,Male,Large,,adoptable,"Canastota, NY",,"['https://dl5zpyw5k3jeb.cloudfront.net/photos/pets/75744691/1/?bust=1743242630', 'https://dl5zpyw5k3jeb.cloudfront.net/photos/pets/75744691/2/?bust=1743242632', 'https://dl5zpyw5k3jeb.cloudfront.net/photos/pets/75744691/3/?bust=1743242634']"
75744689,Trout 20,Pit Bull Terrier,,Adult,Male,Large,,adoptable,"Canastota, NY",,"['https://dl5zpyw5k3jeb.cloudfront.net/photos/pets/75744689/1/?bust=1743424352', 'https://dl5zpyw5k3jeb.cloudfront.net/photos/pets/75744689/2/?bust=1743424348', 'https://dl5zpyw5k3jeb.cloudfront.net/photos/pets/75744689/3/?bust=1743424354', 'https://dl5zpyw5k3jeb.cloudfront.net/photos/pets/75744689/4/?bust=1743424350']"
75740035,Lainey,Bull Terrier,Border Collie,Young,Female,Medium,,adoptable,"Canastota, NY",,"['https://dl5zpyw5k3jeb.cloudfront.net/photos/pets/75740035/1/?bust=1743161405', 'https://dl5zpyw5k3jeb.cloudfront.net/photos/pets/75740035/2/?bust=1743161405', 'https://dl5zpyw5k3jeb.cloudfront.net/photos/pets/75740035/3/?bust=1743161410', 'https://dl5zpyw5k3jeb.cloudfront.net/photos/pets/75740035/4/?bust=1743161406', 'https://dl5zpyw5k3jeb.cloudfront.net/photos/pets/75740035/5/?bust=1743161404', 'https://dl5zpyw5k3jeb.cloudfront.net/photos/pets/75740035/6/?bust=1743161406']"
75740036,Alaska 17,Husky,,Adult,Male,Large,,adoptable,"Canastota, NY",,"['https://dl5zpyw5k3jeb.cloudfront.net/photos/pets/75740036/1/?bust=1743161397', 'https://dl5zpyw5k3jeb.cloudfront.net/photos/pets/75740036/2/?bust=1743161401']"
75725695,Stella,Labrador Retriever,,Adult,Female,Medium,Short,adoptable,"Jamesville, NY",Stella is a sweet quiet girl around 3 years old. She greets everyone with a tail wag and enjoys playing...,"['https://dbw3zep4prcju.cloudfront.net/animal/5898e814-eb3b-48c8-88af-0cb41dffa188/image/831b58be-70e7-4d68-9ecb-ea3680a57ab4.jpg?versionId=udjkCCTeEsdB8MTx0b7NJ5dNqq0_D7n0&bust=1743253574', 'https://dbw3zep4prcju.cloudfront.net/animal/5898e814-eb3b-48c8-88af-0cb41dffa188/image/39822556-ddce-450e-a42f-0d522b37007a.jpg?versionId=YXNFP.kE2NbGXxynLOf6v66cdVF5MKpj&bust=1743253589', 'https://dbw3zep4prcju.cloudfront.net/animal/5898e814-eb3b-48c8-88af-0cb41dffa188/image/924e8aef-e056-479b-a584-2340d397cd03.jpg?versionId=9NMwtfxCT14Vw.lxyn6aR106nSZ1S8Gf&bust=1743253589']"
75725662,Ina,Boxer,,Young,Female,Medium,Short,adoptable,"Jamesville, NY",Ina is a boxer mix around 2 years old. We can’t believe this beauty was found as a stray. She...,"['https://dbw3zep4prcju.cloudfront.net/animal/8d81f0d4-5f37-4a3a-b74a-30f68723ebdb/image/7a3c1939-9b9b-43fa-b5a5-36508b5e7ff1.jpg?versionId=L3RLApu4EC5.QpvtzMHg01ETCcoYGopI&bust=1743253638', 'https://dbw3zep4prcju.cloudfront.net/animal/8d81f0d4-5f37-4a3a-b74a-30f68723ebdb/image/04aafeb5-297f-44d4-997a-a5e782316a3b.jpg?versionId=MqgGIffrjHnZlbsFmpe.U2ziYk4ANzO_&bust=1743253644', 'https://dbw3zep4prcju.cloudfront.net/animal/8d81f0d4-5f37-4a3a-b74a-30f68723ebdb/image/098f7cc6-0b49-4bb6-bc6a-cbfff572131f.jpg?versionId=PEQteuoALku7i6xHKYUXtCljeQ_3NGIs&bust=1743253644', 'https://dbw3zep4prcju.cloudfront.net/animal/8d81f0d4-5f37-4a3a-b74a-30f68723ebdb/image/280fbe11-c82a-45e1-836e-6ceb996de91e.jpg?versionId=uVavtdy_aXcGQ2XTlqx4jLCqX6EQNax8&bust=1743253644', 'https://dbw3zep4prcju.cloudfront.net/animal/8d81f0d4-5f37-4a3a-b74a-30f68723ebdb/image/3225b4e6-db1f-4893-8c8c-202feac7d8c3.jpg?versionId=kvW_ds1TF310KJuZ2ZIL3BjsN_cd2Gv4&bust=1743253642', 'https://dbw3zep4prcju.cloudfront.net/animal/8d81f0d4-5f37-4a3a-b74a-30f68723ebdb/image/3766c3d1-2f63-4d5f-b126-3a76b71becb3.jpg?versionId=Ybewj.CZmZrGEIiYYNfeZevKG_6AD8aI&bust=1743253642']"
75718787,Pitty mix pups!,Pit Bull Terrier,,Baby,Male,Medium,Short,adoptable,"Clay, NY","TEN puppies available in no time. 
There are 9 males, 1 female. 

Puppies will have age appropriate vax and will...","['https://dbw3zep4prcju.cloudfront.net/animal/94783be6-79fa-4791-8813-eb6f481b81fe/image/ba279389-dcb7-47a5-80b5-8070c04c1c0d.jpg?versionId=PCAKrTxufFG9ERXlGZ0515hA6qIdced4&bust=1742610616', 'https://dbw3zep4prcju.cloudfront.net/animal/94783be6-79fa-4791-8813-eb6f481b81fe/image/a99e89ef-ea8c-4a5c-8845-074ccb8a2dac.jpg?versionId=ntyrUn4NyMsk4l8D4mZvP47k3uhpEFP2&bust=1742610884', 'https://dbw3zep4prcju.cloudfront.net/animal/94783be6-79fa-4791-8813-eb6f481b81fe/image/1ef7c8b7-2336-4cb5-ba3c-740420667fcd.jpg?versionId=1KW.J8Ny2NEcZGNlSib3IJLZaYPGd_M.&bust=1742610885', 'https://dbw3zep4prcju.cloudfront.net/animal/94783be6-79fa-4791-8813-eb6f481b81fe/image/4c4271d2-b215-4d5a-89a6-d72f423be445.jpg?versionId=QFgDJ4aN2MUKVrKx2sr_0fpTHRGbhk.k&bust=1742610886']"
75718263,Sherlock,Boxer,,Young,Male,Medium,Medium,adoptable,"East Syracuse, NY","Sherlock Holmes AKA Homie is a shy boy. He enjoys following his foster sister, Jelly around. He’s plays well with...","['https://dbw3zep4prcju.cloudfront.net/animal/7f85a422-ffec-4e76-9c19-f719a67b9f58/image/ed3ee6ab-a14e-46ca-a6f0-0b39e041fd60.jpeg?versionId=MpXxUxUG.OT5HTCVsG.2AYsqLbiIlNEC&bust=1742605014', 'https://dbw3zep4prcju.cloudfront.net/animal/7f85a422-ffec-4e76-9c19-f719a67b9f58/image/df968867-007d-4d83-8003-f2d1ac7a91ca.jpeg?versionId=5dr4nMPBniUKSATUdEqJfdBnoYbW6ZN7&bust=1742605014', 'https://dbw3zep4prcju.cloudfront.net/animal/7f85a422-ffec-4e76-9c19-f719a67b9f58/image/0bfbc8ae-58f1-4992-a721-53b36615c183.jpeg?versionId=vuJZoebWAvGqFQQUUzXaf959mhba5ySG&bust=1742605014']"
75716636,Iris,Poodle,,Adult,Female,Medium,Medium,adoptable,"Syracuse, NY","Iris came to the shelter thru our cruelty department.

If you are interested in Iris, check out our adoption process...",['https://dbw3zep4prcju.cloudfront.net/animal/d2ee2585-24b2-4b34-82e5-2951e93dd2ed/image/9941328d-aec1-4ce8-9ad4-08367ed2a098.jpg?versionId=lKrv2981cW_YiuYYfHKkxvkNIWRwzura&bust=1742938583']
75716557,Sasha,Pit Bull Terrier,,Adult,Female,Large,Short,adoptable,"Syracuse, NY","Sasha came to the shelter thru our cruelty department.

If you are interested in Sasha, check out our adoption process...",[]
75716529,Liam,Pit Bull Terrier,,Adult,Male,Medium,Short,adoptable,"Syracuse, NY","Liam came to the shelter from the Town of Dewitt.

If you are interested in Liam, check out our adoption...",[]
75716492,Sonny,Pit Bull Terrier,,Adult,Male,Large,Short,adoptable,"Syracuse, NY","Sonny came to the shelter as a stray from the Town of Salina.

If you are interested in Sonny, check...",['https://dbw3zep4prcju.cloudfront.net/animal/76654311-a595-4ac6-8888-8902c990eb57/image/f6a069e9-b1ab-42b2-9b77-32b2cdd6314f.jpg?versionId=0E1v7knZu858qQiqj4sbixy1ZuWkY4lO&bust=1742938629']
75716353,Duke,Pit Bull Terrier,,Adult,Male,Medium,Short,adoptable,"Syracuse, NY","Duke came to the shelter as a stray from the Town of Onondaga.

If you are interested in Duke ,...",['https://dbw3zep4prcju.cloudfront.net/animal/deb1f03d-eacc-4918-8bef-1aad00586a40/image/95dff9c3-6149-40fb-860c-8a9bdd6b9add.jpg?versionId=QoKWXfj21o.OTcVMR2lXmIZYr7YKWTI4&bust=1742938724']
75716281,Ringo,Pit Bull Terrier,,Adult,Male,Medium,Short,adoptable,"Syracuse, NY","Ringo came to the shelter as a stray from the town of Clay.

If you are interested in Ringo, check...","['https://dbw3zep4prcju.cloudfront.net/animal/5e0eff24-2731-4419-8991-65683ea2a07d/image/abd07b64-8aec-470c-8181-0bcbb6be3fca.jpg?versionId=7pspLUM98nRshq.3hzDp79WMoOLfpgZe&bust=1742592796', 'https://dbw3zep4prcju.cloudfront.net/animal/5e0eff24-2731-4419-8991-65683ea2a07d/image/f23d9f06-8a65-48cc-8986-7826865fa1e6.jpg?versionId=cn6MDzY7vpXN..raSlGX3OwYCKXqi0HM&bust=1742592811']"
75702063,Declan,Terrier,,Adult,Male,Large,,adoptable,"North Syracuse, NY",Declan is around 2 yrs old and is ready to leave the shelter life behind and embark on a new...,"['https://dbw3zep4prcju.cloudfront.net/animal/c52d1991-9023-424c-9fb4-902f3521a354/image/8b978526-c8af-4a0e-8145-236db53b4ca0.jpg?versionId=A.nXPqBJHWn20QWfTzsdr5ZBluOi51cl&bust=1742521124', 'https://dbw3zep4prcju.cloudfront.net/animal/c52d1991-9023-424c-9fb4-902f3521a354/image/5e9ba814-954f-4326-b825-cbe8b916af6a.jpg?versionId=dsywboaeFwMsdxTX.FBxL7.BorVjyQcp&bust=1742521124', 'https://dbw3zep4prcju.cloudfront.net/animal/c52d1991-9023-424c-9fb4-902f3521a354/image/a03a2412-9211-4bf4-b6f9-44d7a51ae48a.jpg?versionId=yNmkKUj.9RRTpKTyYsA8I1VeB24XIe_N&bust=1742521124', 'https://dbw3zep4prcju.cloudfront.net/animal/c52d1991-9023-424c-9fb4-902f3521a354/image/298f4782-878c-4567-981b-f9b9090ea923.jpg?versionId=YuCRiqleGrgL4k7mylKcleN72xJoaVI.&bust=1742521125']"
75702032,Liam,Terrier,,Young,Male,Medium,,adoptable,"North Syracuse, NY","Liam came to us with a challenging skin infection on his face, but we’re thrilled to report that he’s on...","['https://dbw3zep4prcju.cloudfront.net/animal/030be609-d71d-43d6-91c6-931b30033b55/image/70c7241f-e856-43c4-af77-881d908d434d.jpg?versionId=cLyyE4ukrrvgbqw1n897vENizahUkEYf&bust=1742520822', 'https://dbw3zep4prcju.cloudfront.net/animal/030be609-d71d-43d6-91c6-931b30033b55/image/0fd700a1-3def-4e40-95c8-41250862ce98.jpg?versionId=L0FWB_8fWFZxeFTVjgT2pGkrkB85q2D8&bust=1742520823', 'https://dbw3zep4prcju.cloudfront.net/animal/030be609-d71d-43d6-91c6-931b30033b55/image/72a73af5-ee22-4350-ad27-ac927ed43a7d.jpg?versionId=ZNwvTvvh6GcY54Tp8.pALqq8_Tb0ixcc&bust=1742520823']"
75702012,Ronan,Terrier,,Adult,Male,Large,,adoptable,"North Syracuse, NY","Introducing Ronan, a charming 2-3 year old pup who&#039;s eager to share his love and adventure with a forever family!...","['https://dbw3zep4prcju.cloudfront.net/animal/1c0ab732-33a8-476a-a2bd-a5babc460aeb/image/7334f472-165b-492e-a233-d3a798447e74.jpg?versionId=P1FVJT6fUdTc8xaZQr18yJ0tyWytfD11&bust=1742520564', 'https://dbw3zep4prcju.cloudfront.net/animal/1c0ab732-33a8-476a-a2bd-a5babc460aeb/image/6ebe1ac3-02a1-44ce-8195-78b47b9a6f1e.jpg?versionId=lso5IxIzEYOvsZuoKl.HY5kXRw5S2Pkt&bust=1742520565', 'https://dbw3zep4prcju.cloudfront.net/animal/1c0ab732-33a8-476a-a2bd-a5babc460aeb/image/d169dceb-4324-4b38-94c9-5b6eb7825236.jpg?versionId=BSrzy4Pp5y4uzPlCF2Bo.jWupmb7SsWD&bust=1742520568']"
75701994,Bella,Akita,,Adult,Female,Large,,adoptable,"North Syracuse, NY",This pretty girl is approximately 2 years old and ready for her forever home! Bella is a sweetheart with a...,"['https://dbw3zep4prcju.cloudfront.net/animal/b6844ecd-15c0-419a-a499-f2ac185bbbde/image/e2638cff-1393-419b-aeeb-87355ec9619f.jpg?versionId=QtZISc_ldg6h7mLQWSingS25rnSDH756&bust=1742520358', 'https://dbw3zep4prcju.cloudfront.net/animal/b6844ecd-15c0-419a-a499-f2ac185bbbde/image/404248e2-df80-4461-9105-e70ad26d5408.jpg?versionId=xmMyHOgPlcQa6TEqm3Rs9629sGCGXcga&bust=1742520357', 'https://dbw3zep4prcju.cloudfront.net/animal/b6844ecd-15c0-419a-a499-f2ac185bbbde/image/89fc6902-6db2-42a3-967a-2f887d44e7c8.jpg?versionId=NVfgF0i88QWcK_QzaKL8EZ3cE7Tf9ALf&bust=1742520358', 'https://dbw3zep4prcju.cloudfront.net/animal/b6844ecd-15c0-419a-a499-f2ac185bbbde/image/70ba2580-e58f-42cc-8bff-fda58dc09624.jpg?versionId=_1E.cQYCRlTzZRqSMNlfRQk7UTNut_wF&bust=1742520360']"
75689553,Albert,Australian Cattle Dog / Blue Heeler,,Adult,Male,Medium,,adoptable,"Homer, NY","Meet Albert!! 
Albert is a male blue heeler that we predict to be around 2 years old. Albert is a...","['https://dl5zpyw5k3jeb.cloudfront.net/photos/pets/75689553/1/?bust=1742935743', 'https://dl5zpyw5k3jeb.cloudfront.net/photos/pets/75689553/2/?bust=1742935743', 'https://dl5zpyw5k3jeb.cloudfront.net/photos/pets/75689553/3/?bust=1742935746']"
75689554,Kane,Pit Bull Terrier,,Adult,Male,Large,,adoptable,"Homer, NY",Kane is a 4 year old male Pit bull. Kane was surrendered to us when his owner died. A meet...,['https://dl5zpyw5k3jeb.cloudfront.net/photos/pets/75689554/1/?bust=1743242118']
75678863,Bandit,Petit Basset Griffon Vendeen,,Adult,Male,Medium,,adoptable,"North Syracuse, NY",Bandit is a playful and active dog who loves to play with toys and watch the squirrels. He would love...,"['https://dl5zpyw5k3jeb.cloudfront.net/photos/pets/75678863/1/?bust=1742965236', 'https://dl5zpyw5k3jeb.cloudfront.net/photos/pets/75678863/2/?bust=1743355409', 'https://dl5zpyw5k3jeb.cloudfront.net/photos/pets/75678863/3/?bust=1743355410', 'https://dl5zpyw5k3jeb.cloudfront.net/photos/pets/75678863/4/?bust=1743355413', 'https://dl5zpyw5k3jeb.cloudfront.net/photos/pets/75678863/5/?bust=1743355413', 'https://dl5zpyw5k3jeb.cloudfront.net/photos/pets/75678863/6/?bust=1742965233']"
75656867,Ruby,Hound,,Adult,Female,Medium,Short,adoptable,"Cooperstown, NY","Meet Ruby, a 5-year-old coonhound with a love for sniffing and exploring the world around her! Ruby loves to play...","['https://dbw3zep4prcju.cloudfront.net/animal/af7a4434-83b0-4f91-92d8-c14cedd440cf/image/a183f236-7bab-4873-b9b4-4f352c0a1c9e.jpg?versionId=Bkhm7G7FIh4LxRFW9LQq89aI.OXhmg3P&bust=1742403939', 'https://dbw3zep4prcju.cloudfront.net/animal/af7a4434-83b0-4f91-92d8-c14cedd440cf/image/e8e2b6c3-9dc9-4098-8baf-16777c058329.jpeg?versionId=Y3oTxYRVVixXwABBpzlnbRD1MF.eErr_&bust=1742403957', 'https://dbw3zep4prcju.cloudfront.net/animal/af7a4434-83b0-4f91-92d8-c14cedd440cf/image/c9ac2805-ffd0-4940-b8b7-a570307fc68b.jpeg?versionId=Frzlu6Kagqd.qBQwFoLi2NR_Hivd_Fbg&bust=1742403957', 'https://dbw3zep4prcju.cloudfront.net/animal/af7a4434-83b0-4f91-92d8-c14cedd440cf/image/f24e8268-2a25-46cb-bc1b-18341fe51003.jpeg?versionId=iIX.nxvhgDPVvYj61p39SgVqz.ZtAj.d&bust=1742403958']"
75656754,Hadley,American Bulldog,,Adult,Female,Medium,Short,adoptable,"oriskany, NY","Hadley is a lovely, young female dog who is quiet, gentle and affectionate. She is approximately 3 years-old, crate-trained, house-trained,...","['https://dbw3zep4prcju.cloudfront.net/animal/076bc811-ca96-48dd-9244-ce453e53119d/image/6f14b10e-6236-4f01-a270-2545fa60773c.jpg?versionId=w89J2Rv3fPfdNKNIjSusniJn_nD5CmK7&bust=1743190076', 'https://dbw3zep4prcju.cloudfront.net/animal/076bc811-ca96-48dd-9244-ce453e53119d/image/03847b47-2498-4cd9-92bf-cbdae0b5a26c.jpg?versionId=IXkhegg2rU9YfudSnTyaS.t5Oui.Vl64&bust=1743190076', 'https://dbw3zep4prcju.cloudfront.net/animal/076bc811-ca96-48dd-9244-ce453e53119d/image/3b859bb0-9a7c-4f19-9c5d-c93b26e85aba.jpg?versionId=KamdeBY3iGKP.XvXL4SqIyMyP7EPzfrS&bust=1743190077', 'https://dbw3zep4prcju.cloudfront.net/animal/076bc811-ca96-48dd-9244-ce453e53119d/image/b3a2cd14-778b-47d0-bf36-0bcd7bd75b7c.jpg?versionId=Xl_MhqlcFqC3z6DcoDBVNI03ORCoH6ST&bust=1743190077', 'https://dbw3zep4prcju.cloudfront.net/animal/076bc811-ca96-48dd-9244-ce453e53119d/image/3d419a3e-63f9-40db-a770-5eb73ac1a047.jpg?versionId=81qvMHmKCXBbtYM0JEVfrNURWRJdyxhI&bust=1743190072']"
75653550,Daisy Mae,Labradoodle,,Baby,Female,Medium,Short,adoptable,"Clay, NY","March 18, 2025
Daisy Mae is a beautiful chocolate labradoodle mix with green eyes . She will be 12 wks...","['https://dbw3zep4prcju.cloudfront.net/animal/f096b6e3-f359-4f93-8245-3c15ba405061/image/34c59b4e-9bd9-4420-adf7-ad2cbf374c30.jpg?versionId=P.0o95g8kMJ55P9ACuqm4Bj5sQyFf_px&bust=1742311972', 'https://dbw3zep4prcju.cloudfront.net/animal/f096b6e3-f359-4f93-8245-3c15ba405061/image/4beaa0c6-4ff9-4da9-8ca1-e36d66fbd0b5.jpg?versionId=4Qdo7uusqNJSZG95VrhW9VSCVgZCXQwx&bust=1742311964', 'https://dbw3zep4prcju.cloudfront.net/animal/f096b6e3-f359-4f93-8245-3c15ba405061/image/9c74e13f-5b67-4533-b484-cfd31f0de853.jpg?versionId=A6Ys8axKYMCKeraLCpMfU0wYce4gKQwL&bust=1742311980']"
75653380,Libby,Labradoodle,,Baby,Female,Medium,Medium,adoptable,"Clay, NY","March 18, 2025
Libby is a beautiful chocolate labradoodle mix with green eyes and a wonderful personality and temperament to...","['https://dbw3zep4prcju.cloudfront.net/animal/91e60f5a-4cef-43d3-b919-8f1e0b9c9403/image/8c3bdc63-f551-41d3-9b6c-7420b2c72cf9.jpg?versionId=p3lyg8BNslJVhCZy_6ko3tWAzlYoUq3g&bust=1742311381', 'https://dbw3zep4prcju.cloudfront.net/animal/91e60f5a-4cef-43d3-b919-8f1e0b9c9403/image/e18823d6-dbce-42cf-b961-d817c48ad770.jpg?versionId=_Z2DDCq_xfMkh47wPD2qlFdM288nRb6p&bust=1742311392', 'https://dbw3zep4prcju.cloudfront.net/animal/91e60f5a-4cef-43d3-b919-8f1e0b9c9403/image/a98d5192-a2ae-4bb9-8a8c-1821ab34980c.jpg?versionId=EiDYeeqnOehgeCm3yjYQLReZXpQ0NYQ4&bust=1742311399']"
75653226,Baxter,Labradoodle,,Baby,Male,Medium,Short,adoptable,"Clay, NY","March 18, 2025

Baxter is a male labradoodle mix with a soft shiny brown &amp; white coat and beautiful greenish-yellow...","['https://dbw3zep4prcju.cloudfront.net/animal/f166ef8a-16cc-46dd-8449-9ae19445fa22/image/30b462d1-72c3-441e-ac4a-2401d66cf700.jpg?versionId=fRr_sJO4KjviUNzUjj_aJ9lBa0WnsFNk&bust=1742310767', 'https://dbw3zep4prcju.cloudfront.net/animal/f166ef8a-16cc-46dd-8449-9ae19445fa22/image/1fd38f0b-cc3b-4ad1-93b7-03108454dda3.jpg?versionId=ShcfbLqC9udIo6QBs9B90qiqkyu9Nx_B&bust=1742310776']"
75652987,Ghost,Husky,,Young,Male,Medium,Long,adoptable,"LIVERPOOL, NY","Hello, my name is Ghost, and I am a young, male pup with lots of love to give! I am...","['https://dbw3zep4prcju.cloudfront.net/animal/71e37841-1867-4a38-8f45-1245267929bb/image/621f1e98-78f2-4703-9ded-448cfde25549.jpg?versionId=VcWn7SS.gDYMNlBlRicRZKMsi.6l8BSS&bust=1742308062', 'https://dbw3zep4prcju.cloudfront.net/animal/71e37841-1867-4a38-8f45-1245267929bb/image/77d81eae-e85c-457c-8f6a-be55abf94dd4.jpg?versionId=2sShDMePr1ag5m5YKrdtAw83lS9lOxi5&bust=1742308061', 'https://dbw3zep4prcju.cloudfront.net/animal/71e37841-1867-4a38-8f45-1245267929bb/image/8dfa7c55-8663-4857-bee0-bbfe3a965908.jpg?versionId=BJyRKXKJLiQttNtvoWobK0jIQMIC6Vq4&bust=1742308061', 'https://dbw3zep4prcju.cloudfront.net/animal/71e37841-1867-4a38-8f45-1245267929bb/image/656c3f8d-f68a-481d-8515-d47735ea79c1.jpg?versionId=.xfvUQFThdZ75m9yQYqptp162KrIh4zf&bust=1742308061', 'https://dbw3zep4prcju.cloudfront.net/animal/71e37841-1867-4a38-8f45-1245267929bb/image/bd235846-2fbd-4ba7-815f-90df4fcb4d54.jpg?versionId=3oVjmu1m0yCuvbz8qpqjX4ooJp6wTWnx&bust=1742308062', 'https://dbw3zep4prcju.cloudfront.net/animal/71e37841-1867-4a38-8f45-1245267929bb/image/7264e22e-4b47-45d3-a392-2f7fe64146df.jpg?versionId=dMZuNjlwgNhiO5HNmKYYIyXZXORlnQdF&bust=1742308066']"
75650888,Mable,Mixed Breed,,Young,Female,Medium,Short,adoptable,"LIVERPOOL, NY","Mable is a loving and friendly young dog with lots of love to give! She is athletic, curios, and smart,...","['https://dbw3zep4prcju.cloudfront.net/animal/f266c14f-0d6d-4a41-91e5-73c0c4a81049/image/1813d83f-0d01-4bbb-b2e9-d30507578568.jpg?versionId=iMxXxQnxxrSJe5gbYKHt0vSPJTll7x_N&bust=1742300362', 'https://dbw3zep4prcju.cloudfront.net/animal/f266c14f-0d6d-4a41-91e5-73c0c4a81049/image/529ad50d-ec2e-4440-ac92-3dc3538f7e18.jpg?versionId=p1m.eKwfcyWUm_XTs_jUOhXh3Mlk6JdY&bust=1742300331', 'https://dbw3zep4prcju.cloudfront.net/animal/f266c14f-0d6d-4a41-91e5-73c0c4a81049/image/493cdbd2-16ea-49c9-929e-9b68031765a6.jpg?versionId=8TW30SvwB487_sJYI5CrAihlhuOPDHIP&bust=1742300345', 'https://dbw3zep4prcju.cloudfront.net/animal/f266c14f-0d6d-4a41-91e5-73c0c4a81049/image/88050c8e-2170-4f00-a5cd-1f8370c0e029.jpg?versionId=CAPLNQQHKsaYOBar9JwUGLH9YH1TOuLw&bust=1742300375']"
75647735,Dandy,Labrador Retriever,,Young,Female,Medium,,adoptable,"Liverpool, NY",Contact HumaneCNY if interested in this animal. You can fill out application to adopt at the shelter.,"['https://dl5zpyw5k3jeb.cloudfront.net/photos/pets/75647735/1/?bust=1743146749', 'https://dl5zpyw5k3jeb.cloudfront.net/photos/pets/75647735/2/?bust=1743146749']"
75647732,Tonka,Papillon,,Senior,Male,Small,,adoptable,"Liverpool, NY",Tonka is a sweet old boy. He is good with other dogs. He does have some senior health issues. Grade...,"['https://dl5zpyw5k3jeb.cloudfront.net/photos/pets/75647732/1/?bust=1743146930', 'https://dl5zpyw5k3jeb.cloudfront.net/photos/pets/75647732/2/?bust=1743146932', 'https://dl5zpyw5k3jeb.cloudfront.net/photos/pets/75647732/3/?bust=1743146931', 'https://dl5zpyw5k3jeb.cloudfront.net/photos/pets/75647732/4/?bust=1743146930', 'https://dl5zpyw5k3jeb.cloudfront.net/photos/pets/75647732/5/?bust=1743146932', 'https://dl5zpyw5k3jeb.cloudfront.net/photos/pets/75647732/6/?bust=1743146931']"
75644925,Ozzy,Mixed Breed,,Young,Male,Medium,,adoptable,"Syracuse , NY",Meet your adorable and loving bosom buddy Ozzy! Ozzy was dumped at a kill shelter when he was just a...,"['https://dbw3zep4prcju.cloudfront.net/animal/1d52cd4f-c581-4f2f-a716-ebcc78bbe956/image/dc761b1f-8493-4a5c-a9d2-9e3ac24c8755.jpeg?versionId=wdABbXd.LfqfdljBd1_5mHwDJ1q5H4fN&bust=1742248755', 'https://dbw3zep4prcju.cloudfront.net/animal/1d52cd4f-c581-4f2f-a716-ebcc78bbe956/image/5feed640-b612-4212-a541-53ca247fafb2.jpeg?versionId=MtNC_jtYn353R2XwaNDT0RuYEiZd9dmg&bust=1742248754', 'https://dbw3zep4prcju.cloudfront.net/animal/1d52cd4f-c581-4f2f-a716-ebcc78bbe956/image/f9d84ac9-e36c-4391-8e71-e8845eb37c85.jpeg?versionId=7ocH4GDCEOYON8h3IOC3Fd9eXO3kMv7b&bust=1742248753', 'https://dbw3zep4prcju.cloudfront.net/animal/1d52cd4f-c581-4f2f-a716-ebcc78bbe956/image/df20cab2-9937-409e-a595-6a0193f9a906.jpeg?versionId=a762QQ8k5rOte0v9SMx7PeEo_Of9FjcN&bust=1742248754', 'https://dbw3zep4prcju.cloudfront.net/animal/1d52cd4f-c581-4f2f-a716-ebcc78bbe956/image/79c70923-436d-4bb2-a00a-8bd301cffcae.jpeg?versionId=vChJEj0PhfFljUcUlemoELLJwHUXlD5F&bust=1742248754']"
75643503,Jinkies,Mixed Breed,,Adult,Male,Medium,Short,adoptable,"Cooperstown, NY","Meet Jinkies! Jinkies came to us a stray, so we don&#039;t know much about him. But he is very friendly...",['https://dbw3zep4prcju.cloudfront.net/animal/8d1fabe3-a731-44c6-b496-a49588f5cc90/image/8cbb9ff7-fa4f-46e4-81ec-a7b96b0a927a.jpg?versionId=_7MPJ_D1H_RFz9u1jZTgAcHXjsJApXi_&bust=1742241193']
75642621,Marsh-Mello,Saint Bernard,,Young,Male,Medium,Short,adoptable,"Utica, NY",Marsh-Mellow earned his named for being a gentle loving. boy. He has been so good since we rescued him. He&#039;s...,"['https://dbw3zep4prcju.cloudfront.net/animal/351568e4-b32f-4d79-a189-1f020f594564/image/7a6c6c41-f2c5-47ea-bb0d-97ccc8556b30.jpg?versionId=22YUFKkIxUxq99XOkT_Xku3KW.xjHPDB&bust=1742238194', 'https://dbw3zep4prcju.cloudfront.net/animal/351568e4-b32f-4d79-a189-1f020f594564/image/4738c61c-325a-400f-acd8-326e6f50f8b0.jpg?versionId=5uyWPV.bH2ZRk0Az7oxPHpa38VWtX7x2&bust=1742238194', 'https://dbw3zep4prcju.cloudfront.net/animal/351568e4-b32f-4d79-a189-1f020f594564/image/56f00b72-139e-46db-8b7e-d2c204cc81b1.jpg?versionId=ZUixITHHrqYCyqlOwXPqcEhbSl0h0MEN&bust=1742238191', 'https://dbw3zep4prcju.cloudfront.net/animal/351568e4-b32f-4d79-a189-1f020f594564/image/153624f8-93fc-4b7d-9044-8ac079301d96.jpg?versionId=JH0bkZJIvlQbcTwkUbDdzYcOxaj0QRME&bust=1742238192', 'https://dbw3zep4prcju.cloudfront.net/animal/351568e4-b32f-4d79-a189-1f020f594564/image/f71ddd4b-606c-45eb-8d26-eadc832b5845.jpg?versionId=fyn1awVtkN_c2wPwFKu_Q2.JWphp0F9.&bust=1742238192']"
75642423,Bandit,Akita,,Baby,Male,Medium,Short,adoptable,"Clay, NY","Bandit is approximately 12-14 weeks old. 
He and his sister are actually Akita mix pups! (We can show you a...","['https://dbw3zep4prcju.cloudfront.net/animal/edde8696-4617-4a7c-84ae-a45492acc0aa/image/fc8fd71a-e880-43a4-982c-07a1d7585e31.jpg?versionId=F27XIS5es3_IuNbJ78zurJVZq10XcjC7&bust=1742235242', 'https://dbw3zep4prcju.cloudfront.net/animal/edde8696-4617-4a7c-84ae-a45492acc0aa/image/cae427a6-44fd-48fc-bfda-a5590f76fc27.jpg?versionId=ntGo8TT.b_JEbCV_Zkf2RhhFUMiPUFRp&bust=1743112176', 'https://dbw3zep4prcju.cloudfront.net/animal/edde8696-4617-4a7c-84ae-a45492acc0aa/image/907b0dc3-3c65-4468-b3ff-00365ee364fa.jpg?versionId=J5T9qHx0urqO.lAaR4ooq2dYkjL5d78E&bust=1742235254', 'https://dbw3zep4prcju.cloudfront.net/animal/edde8696-4617-4a7c-84ae-a45492acc0aa/image/cc2d3262-06d3-437a-be72-641d06c3de60.jpg?versionId=m4l8bD9K3Q1p30I9WuBG3IYsD8TKbfpK&bust=1742235254']"
75642359,Nyla,American Staffordshire Terrier,English Bulldog,Young,Female,Medium,Short,adoptable,"Clay, NY","Say hello to Miss Nyla. 
She is approx 8-9 mth old staffy bulldog who loves her treats. 
Nyla does well...","['https://dbw3zep4prcju.cloudfront.net/animal/0720c05a-d73d-4a6e-9f65-1fb834b00030/image/5285a40f-26d0-4a1e-a126-9e237545c95b.jpg?versionId=jntMc6Ii0th8i5oEtLBrjfeyTjMS4M3r&bust=1742234212', 'https://dbw3zep4prcju.cloudfront.net/animal/0720c05a-d73d-4a6e-9f65-1fb834b00030/image/2e311a88-5131-42bd-acca-6fcd1597fad3.jpg?versionId=m9bjS.1JrCc.4Qrt4GoGDmCTk3Hb8idD&bust=1742234218']"
75642276,Chunk,American Bully,,Young,Male,Medium,Short,adoptable,"Clay, NY","Mr. Chunk! 
This little short stack is approximately 8-9 months old and is good with people and animals of all...","['https://dbw3zep4prcju.cloudfront.net/animal/0081fd74-a6b0-41e5-959c-12ae3f80be32/image/ed5a3d93-f911-4018-8e02-9fe43ce640ce.jpg?versionId=w7UK.rfOPX9lfxSG1XjkAfJHfatZW1zV&bust=1742233338', 'https://dbw3zep4prcju.cloudfront.net/animal/0081fd74-a6b0-41e5-959c-12ae3f80be32/image/ed05bb81-847a-48da-84e9-4b2327d7917c.jpg?versionId=Hb3pifX_P3_xHAINIcfTa1VbsdvUN24e&bust=1742233346', 'https://dbw3zep4prcju.cloudfront.net/animal/0081fd74-a6b0-41e5-959c-12ae3f80be32/image/f31a69da-9b7d-49a4-a193-1d3b3d5739cc.jpg?versionId=hj.RErFQKAcdp3HzGppolWF9QVH.Eu6t&bust=1742233346', 'https://dbw3zep4prcju.cloudfront.net/animal/0081fd74-a6b0-41e5-959c-12ae3f80be32/image/a6390bd0-f5fb-4b0d-81ed-f506adc8e4c3.jpg?versionId=KmcfwwXhxMTp1ncNQ969rMJc8SbQy81K&bust=1742233346']"
75642254,Titan,Husky,,Adult,Male,Medium,Short,adoptable,"Clay, NY","Meet Titan! 

This handsome guy is about 2 yrs young. 
He gets along well with other dogs but prefers not...","['https://dbw3zep4prcju.cloudfront.net/animal/22c7bc33-5274-490c-a6be-5e6a487e033b/image/3638b775-ffbf-4b74-944a-0827a7256150.jpg?versionId=qKqL8_0iJUe4rnXyn_Wug9_HlYlFSS6l&bust=1742233129', 'https://dbw3zep4prcju.cloudfront.net/animal/22c7bc33-5274-490c-a6be-5e6a487e033b/image/f4fb678c-7cdd-41ab-9e3f-0bc6dd07582e.jpg?versionId=L8sAiv623RZazc.JFX5m1Ux78ZsQVc8J&bust=1742233129']"
75642223,Kevin,Husky,,Adult,Male,Medium,Short,adoptable,"Clay, NY","Meet Kevin! 
This shy guy loves to be with people. He gets along well with other dogs, cats and even...","['https://dbw3zep4prcju.cloudfront.net/animal/f2f50068-2442-443d-a2c7-6542c367106f/image/fb1ba082-c4a0-40a3-b9bd-3b0c61bb8b15.jpg?versionId=EAQiwYUarQjgrEgl7__1MBHF0bxrIUxf&bust=1742232868', 'https://dbw3zep4prcju.cloudfront.net/animal/f2f50068-2442-443d-a2c7-6542c367106f/image/157bedcb-c845-407f-856f-bcb79c460508.jpg?versionId=wnaep9xxwzNB5Ecods36gSqsfTcVhbH8&bust=1742232877', 'https://dbw3zep4prcju.cloudfront.net/animal/f2f50068-2442-443d-a2c7-6542c367106f/image/e42f3679-43df-4bc7-b6c5-eba121c76be9.jpg?versionId=tvDTeMNMB9egruWoKOmWPU7N9lxRwYBq&bust=1742232877', 'https://dbw3zep4prcju.cloudfront.net/animal/f2f50068-2442-443d-a2c7-6542c367106f/image/6659bc66-f715-41c3-9cd6-ac440d4595fa.jpg?versionId=WVA5Xuxy4crFS3KhWEqB6H6C636VJ.TH&bust=1742232877']"
75632682,Emmett,Pit Bull Terrier,,Young,Male,Large,Short,adoptable,"Clay, NY","Emmett is such a little love! He is approximately 6 months old and came to rescue with his sister, Alice...","['https://dbw3zep4prcju.cloudfront.net/animal/8c80e908-a36e-481e-ae4a-1deed052c69c/image/32d4a8e5-7eae-4aa8-931b-4668551fff79.jpg?versionId=jvgmE1Z2d2E2kUgFtXgI7kW5YqrA0XV_&bust=1742232526', 'https://dbw3zep4prcju.cloudfront.net/animal/8c80e908-a36e-481e-ae4a-1deed052c69c/image/da78c74c-9afb-417d-8e49-c856eaeb5d20.jpg?versionId=TMl1xNDDw1C1VUYAv.VnDZ7xx6BgD4gG&bust=1742232531', 'https://dbw3zep4prcju.cloudfront.net/animal/8c80e908-a36e-481e-ae4a-1deed052c69c/image/68e7ad09-c455-4f60-b67e-cd8056c0c58b.jpg?versionId=.ynZ5_FtiJ1ZQNOSPS.qfdvjJNMkoYUY&bust=1742232531', 'https://dbw3zep4prcju.cloudfront.net/animal/8c80e908-a36e-481e-ae4a-1deed052c69c/image/929eab19-6cb8-401a-93f8-ba3d47ef9b24.jpg?versionId=w0E8GxBqgWzER.LBn5o2jqHYYsD3CdbD&bust=1742232531']"
75638558,Banjo,Coonhound,,Adult,Male,Medium,,adoptable,"Glenfield, NY",,"['https://dl5zpyw5k3jeb.cloudfront.net/photos/pets/75638558/1/?bust=1743111564', 'https://dl5zpyw5k3jeb.cloudfront.net/photos/pets/75638558/2/?bust=1743111566']"
75638560,Greg,Treeing Walker Coonhound,,Adult,Male,Large,,adoptable,"Glenfield, NY",,"['https://dl5zpyw5k3jeb.cloudfront.net/photos/pets/75638560/1/?bust=1743111619', 'https://dl5zpyw5k3jeb.cloudfront.net/photos/pets/75638560/2/?bust=1743111620', 'https://dl5zpyw5k3jeb.cloudfront.net/photos/pets/75638560/3/?bust=1743111621', 'https://dl5zpyw5k3jeb.cloudfront.net/photos/pets/75638560/4/?bust=1743111622', 'https://dl5zpyw5k3jeb.cloudfront.net/photos/pets/75638560/5/?bust=1743111624', 'https://dl5zpyw5k3jeb.cloudfront.net/photos/pets/75638560/6/?bust=1743111622']"
75633953,Cloud,Shih Tzu,,Adult,Male,Medium,Medium,adoptable,"Syracuse, NY","Cloud came to the shelter as a stray from the Town of Clay.

If you are interested in Cloud ,...",['https://dbw3zep4prcju.cloudfront.net/animal/94273119-a721-4a2b-9de4-d14dc432935f/image/8571e2f5-ba4e-4c08-87d6-daf7a640af72.jpg?versionId=pV_Fryg1WD_.Fl0kEUaPJr361M8p2b52&bust=1742248924']
75633916,Thor,Pit Bull Terrier,,Adult,Male,Medium,Short,adoptable,"Syracuse, NY",Thor was picked up as a stray in Baldwinsville and weighs around 50 pounds. He&#039;s still new to us but...,['https://dbw3zep4prcju.cloudfront.net/animal/dd288c00-6144-485f-844b-2572f703f506/image/13804ac6-474d-45c7-b853-056b647c28df.jpg?versionId=aiy79wJQTBOp8w8mXxCC_USB0b0TtyoS&bust=1742248975']
75633900,Navada,Pit Bull Terrier,,Adult,Male,Medium,Short,adoptable,"Syracuse, NY","Navada came to the shelter as a stray from the town of Salina.

If you are interested in Navada, check...",['https://dbw3zep4prcju.cloudfront.net/animal/d3c0f2c7-479e-4ef3-b5a5-e573f8cc6940/image/b8dfd260-76a4-43da-a2f2-561af908c69a.jpg?versionId=ifXTJi6_7F0ZAWAavpt.wENnizCeNZTU&bust=1742249035']
75633884,Pooh Bear,Mountain Cur,,Adult,Male,Large,Medium,adoptable,"Syracuse, NY",Pooh Bear came to the shelter as a stray from the Town of Geddes.  Pooh Bear was picked up as...,['https://dbw3zep4prcju.cloudfront.net/animal/cb2ce9d5-9d53-443c-9ec9-d07699f3e3a6/image/d9b269f3-59e4-4fba-97f2-144d0cc4853f.jpg?versionId=4e79sz1toe0s72W4rh3hsrwm4v0zBjms&bust=1742249096']
75631273,Glinda,Terrier,,Young,Female,Medium,,adoptable,"Jamesville, NY",Looking for a sweet loyal girl who likes to cuddle? Glinda is your gal! At only a year old this...,"['https://dbw3zep4prcju.cloudfront.net/animal/099245d7-f3d3-45c5-b8ef-d7cd1da21ed7/image/3aaec88a-52b4-4c48-bfd9-c6ac2e592602.jpg?versionId=eqVlKUqKVrbEC_tTBHvXyrMNSyKc1Zng&bust=1742148333', 'https://dbw3zep4prcju.cloudfront.net/animal/099245d7-f3d3-45c5-b8ef-d7cd1da21ed7/image/bb00350d-b598-4318-b682-ea3fb060c86b.jpg?versionId=f999t299NXBWkk2XSQEGl_0VbGo3ZVSE&bust=1742649142', 'https://dbw3zep4prcju.cloudfront.net/animal/099245d7-f3d3-45c5-b8ef-d7cd1da21ed7/image/91692436-97ef-4cc3-9fc0-9f7858a6ce70.jpg?versionId=qphBM8vrpJ_QIeS6BWMCKRDknwXWgCtW&bust=1742649277', 'https://dbw3zep4prcju.cloudfront.net/animal/099245d7-f3d3-45c5-b8ef-d7cd1da21ed7/image/91d3fa3a-8269-4d94-9fc8-98e13ad77e89.jpg?versionId=VRV.GO8tFr9V5HVvcrRFYI5eEIyxjpxq&bust=1742649277', 'https://dbw3zep4prcju.cloudfront.net/animal/099245d7-f3d3-45c5-b8ef-d7cd1da21ed7/image/e18b1efc-5d7a-472f-9977-af850cabe257.jpg?versionId=lTmxjbatjunNp0f93yYcCjQhyZ0qKjJd&bust=1742649278']"
75631226,Freya,Terrier,,Young,Female,Large,Short,adoptable,"Jamesville, NY",Meet Freya! This beauty is only around a year old. She loves everyone she meets and really loves playing with...,"['https://dbw3zep4prcju.cloudfront.net/animal/8117fb4f-4f90-4068-851d-4994659d6235/image/65135ed6-b812-4ded-98ad-14aa7038e718.jpg?versionId=QrSwO8hs7zM56_4kL.eVi.x1X0iDfoyR&bust=1742147949', 'https://dbw3zep4prcju.cloudfront.net/animal/8117fb4f-4f90-4068-851d-4994659d6235/image/3792c1b7-98fb-4600-a4f8-bcc6d915ee14.jpg?versionId=x1z3Imc36SigKDmKQIPSneJ5l0iMLsC7&bust=1742649348', 'https://dbw3zep4prcju.cloudfront.net/animal/8117fb4f-4f90-4068-851d-4994659d6235/image/d10e44db-16d5-46b3-aa55-1eb8a2746017.jpg?versionId=TYyTJv7KwOvGtwaUwlS3.XFPP_LbiAlg&bust=1742649349', 'https://dbw3zep4prcju.cloudfront.net/animal/8117fb4f-4f90-4068-851d-4994659d6235/image/2ca5c51f-2b13-431b-a354-9c4cb452f543.jpg?versionId=S.kIDa1CZYU8rFvznykJxaRGyLgtf4IZ&bust=1742649176']"
75616854,curly,Black Labrador Retriever,Chow Chow,Baby,Male,Small,,adoptable,"Homer, NY","Meet Curly!!
Curly is an 8 month old male black lab, chihuahua, yorkie mix. Curly is good with other dogs,...",['https://dl5zpyw5k3jeb.cloudfront.net/photos/pets/75616854/1/?bust=1743242116']
75594992,Nova,Doberman Pinscher,,Adult,Female,Medium,,adoptable,"Oneonta, NY","Super Heroes meet Nova! This sweet, beautiful girl is looking for her forever home! Nova LOVES to snuggle, is good...","['https://dl5zpyw5k3jeb.cloudfront.net/photos/pets/75594992/1/?bust=1743115255', 'https://dl5zpyw5k3jeb.cloudfront.net/photos/pets/75594992/2/?bust=1743115255', 'https://dl5zpyw5k3jeb.cloudfront.net/photos/pets/75594992/3/?bust=1743115259', 'https://dl5zpyw5k3jeb.cloudfront.net/photos/pets/75594992/4/?bust=1743115257']"
75564127,Yankee Doodle,Dachshund,Beagle,Adult,Male,Medium,,adoptable,"Liverpool, NY",Contact HumaneCNY if interested in this animal. You can fill out application to adopt at the shelter.,"['https://dl5zpyw5k3jeb.cloudfront.net/photos/pets/75564127/1/?bust=1743060532', 'https://dl5zpyw5k3jeb.cloudfront.net/photos/pets/75564127/2/?bust=1743146347', 'https://dl5zpyw5k3jeb.cloudfront.net/photos/pets/75564127/3/?bust=1743060534', 'https://dl5zpyw5k3jeb.cloudfront.net/photos/pets/75564127/4/?bust=1743060533', 'https://dl5zpyw5k3jeb.cloudfront.net/photos/pets/75564127/5/?bust=1743060535']"
75562894,Penelope,Mastiff,,Adult,Female,Medium,,adoptable,"Homer, NY","Penelope is still looking for a home !!
Penelope is a mastiff mix we predict to be around 2 years...","['https://dl5zpyw5k3jeb.cloudfront.net/photos/pets/75562894/1/?bust=1742935742', 'https://dl5zpyw5k3jeb.cloudfront.net/photos/pets/75562894/3/?bust=1742935745', 'https://dl5zpyw5k3jeb.cloudfront.net/photos/pets/75562894/4/?bust=1742935750']"
75555763,Lucky,West Highland White Terrier / Westie,American Eskimo Dog,Adult,Female,Small,,adoptable,"North Syracuse, NY","Lucky is sweet and sassy! She absolutely loves people, but is not a fan of other dogs. She does need...","['https://dl5zpyw5k3jeb.cloudfront.net/photos/pets/75555763/1/?bust=1743240121', 'https://dl5zpyw5k3jeb.cloudfront.net/photos/pets/75555763/2/?bust=1743240121', 'https://dl5zpyw5k3jeb.cloudfront.net/photos/pets/75555763/3/?bust=1743240123', 'https://dl5zpyw5k3jeb.cloudfront.net/photos/pets/75555763/4/?bust=1743355415', 'https://dl5zpyw5k3jeb.cloudfront.net/photos/pets/75555763/5/?bust=1743355416', 'https://dl5zpyw5k3jeb.cloudfront.net/photos/pets/75555763/6/?bust=1743355412']"
75551225,Annie,Italian Greyhound,German Shepherd Dog,Young,Female,Medium,Short,adoptable,"oriskany, NY","Annie is an almost 1 year-old, adorable Italian Greyhound/German Shepherd mix with an affectionate and gentle personality. She is friendly,...","['https://dbw3zep4prcju.cloudfront.net/animal/561f0f9f-8fec-4497-9017-f19d732441e3/image/815d6f97-8a45-41bf-a603-a2a161e82136.jpg?versionId=Q67w2LDU9DCsL5cXhYnbV8Gwk6mmF4QZ&bust=1743190364', 'https://dbw3zep4prcju.cloudfront.net/animal/561f0f9f-8fec-4497-9017-f19d732441e3/image/b6626ac9-edea-454b-be84-422793444f55.jpg?versionId=MHF3p3Rz3Z938MSHi0U2iHxwebSVo3ES&bust=1743190441', 'https://dbw3zep4prcju.cloudfront.net/animal/561f0f9f-8fec-4497-9017-f19d732441e3/image/ae701c84-57ac-4b71-bd61-d6f5e04e3eb3.jpg?versionId=HJpGjmntTYHQTz.40NTGxgkZuxzB55nI&bust=1743190442', 'https://dbw3zep4prcju.cloudfront.net/animal/561f0f9f-8fec-4497-9017-f19d732441e3/image/ba3f0af3-c40b-4268-8d8c-46b42ce463bb.jpg?versionId=o07s0zL9NDOltOkOWP634EfTX.vatQDQ&bust=1743190442', 'https://dbw3zep4prcju.cloudfront.net/animal/561f0f9f-8fec-4497-9017-f19d732441e3/image/2c8a2060-1dd8-4e75-a2b2-e38122fcbb4f.jpg?versionId=U4BMl_UYTBImXfpIMg2aDi3fBbJBAc6l&bust=1743190443', 'https://dbw3zep4prcju.cloudfront.net/animal/561f0f9f-8fec-4497-9017-f19d732441e3/image/1f73bf50-a176-4799-9292-c7b6dcc75bef.jpg?versionId=ETdsjo9k7RomAJ8Nqp4v0ZifxOAkz0Ky&bust=1743190440']"
75551181,Rocky the Adorable Husky,Siberian Husky,,Young,Male,Large,,adoptable,"Syracuse , NY","Rocky was purchased from a pet shop, and when he turned 9 months old they dumped at a NY kill...","['https://dbw3zep4prcju.cloudfront.net/animal/9daf1bdd-4d14-4093-b53b-59eebc64fd9d/image/e9766be1-8a38-4a91-8acf-5f15ac6d720c.jpeg?versionId=FBkjmjaJNk0S1A2d18s2LkrMxGGyuarS&bust=1741722127', 'https://dbw3zep4prcju.cloudfront.net/animal/9daf1bdd-4d14-4093-b53b-59eebc64fd9d/image/d114de63-c86a-4bc3-a152-89385082705e.jpeg?versionId=GP_xTi5O_UUHTPTo_9_px17CugtEdCeD&bust=1741722126', 'https://dbw3zep4prcju.cloudfront.net/animal/9daf1bdd-4d14-4093-b53b-59eebc64fd9d/image/2e20dfed-a7ba-4982-b550-3391bb134032.jpeg?versionId=GkVBkC.1K8.ohHnWuF_vgY8AHiQ3M8HJ&bust=1741722125', 'https://dbw3zep4prcju.cloudfront.net/animal/9daf1bdd-4d14-4093-b53b-59eebc64fd9d/image/7ddeb653-3a4f-4d71-90a7-d7114503ad18.jpeg?versionId=P3MwcWyESRmV1rW1KnfqR2R6mZKhokMx&bust=1741722126', 'https://dbw3zep4prcju.cloudfront.net/animal/9daf1bdd-4d14-4093-b53b-59eebc64fd9d/image/34e5158c-c739-4b37-b83b-d099fed9fef4.jpeg?versionId=si53AJI5roHECrZEKFDh11d3utwRbLje&bust=1741722126']"
75550785,Ryder,German Shepherd Dog,,Adult,Male,Large,Medium,adoptable,"oriskany, NY",Looking for a brave and loyal companion? Look no farther than Ryder! This stunning young adult German Shepherd is an...,"['https://dbw3zep4prcju.cloudfront.net/animal/89497c43-5f31-43e8-97d3-983d84a87820/image/74f2e1c7-d837-4849-bdf5-87624df3809f.jpg?versionId=KT4rivbX3I0bIrrHWwH30uUX2QU_On2x&bust=1741721433', 'https://dbw3zep4prcju.cloudfront.net/animal/89497c43-5f31-43e8-97d3-983d84a87820/image/69af9d72-957c-4602-8829-515ffece6fe1.jpg?versionId=u.ou34hTevLWDSJZuVu1Q39V6iSPgeV6&bust=1741722065', 'https://dbw3zep4prcju.cloudfront.net/animal/89497c43-5f31-43e8-97d3-983d84a87820/image/e6d49c32-e907-43a5-be4c-5371de951df6.jpg?versionId=oeWXeRgVP6P5YBZ2XZ4kWGkTWxBuY.p7&bust=1741722065', 'https://dbw3zep4prcju.cloudfront.net/animal/89497c43-5f31-43e8-97d3-983d84a87820/image/c9b4ca8d-ee0a-46fe-a991-ca56d99491d8.jpg?versionId=Y_oZqXz_78IsNcHFHOM0APd6A9uJO63X&bust=1741722066', 'https://dbw3zep4prcju.cloudfront.net/animal/89497c43-5f31-43e8-97d3-983d84a87820/image/5dcfe031-cf53-4ea4-b82f-254593460702.jpg?versionId=sdkyrWmYS7FcvX3cLLJpT_SRcYFk.1qX&bust=1741722066', 'https://dbw3zep4prcju.cloudfront.net/animal/89497c43-5f31-43e8-97d3-983d84a87820/image/5d830103-f9b4-44d0-a058-02056545e373.jpg?versionId=MqY3hpMLFaOEcd9FCkrLGW6B1np5U3tp&bust=1741722067']"
75518925,Robert Irvine,Mixed Breed,,Senior,Male,Small,,adoptable,"Cooperstown, NY",These little guys are believed to be shih tzu mixes and came from a situation with several other little dogs....,['https://dbw3zep4prcju.cloudfront.net/animal/976ad8ed-4a3c-4395-b345-3f195e9d9749/image/9f1d457f-cb6d-423d-9f20-68321f861be7.jpg?versionId=..gUIZqlD.P9WszAHm9Xz7pbqWHyu6up&bust=1741619329']
75518458,Shadow,Bull Terrier,,Young,Male,Large,,adoptable,"North Syracuse, NY",This big guy is around 2-3 years old and is ready to leave shelter life behind for a forever home....,"['https://dbw3zep4prcju.cloudfront.net/animal/713b23c2-dc03-4934-b471-e6173527e8ec/image/3e40c50b-6d7b-4ffc-b64e-6a31c0637d0f.jpg?versionId=321yA4HRcfUeCihB3r_E0woB.zIG68G0&bust=1741614714', 'https://dbw3zep4prcju.cloudfront.net/animal/713b23c2-dc03-4934-b471-e6173527e8ec/image/2936f5a5-e85d-4e84-a0e5-422bca4066c0.jpg?versionId=iWSCzbwwCKdOrnPtDvWL8souE39.lNhp&bust=1741614715']"
75518391,Odin,Cane Corso,,Adult,Male,Large,,adoptable,"North Syracuse, NY","This big guy is a lovable bear of a dog, estimated to be around 3-5 years old. Odin is on...","['https://dbw3zep4prcju.cloudfront.net/animal/a21de51b-3e22-4170-808e-b0d098e18a96/image/d26f72d6-8576-4523-bd26-d57480d117f2.jpg?versionId=2cRNvbEpWN5d9Mc3fcJUDeayKHyfHy2u&bust=1741614169', 'https://dbw3zep4prcju.cloudfront.net/animal/a21de51b-3e22-4170-808e-b0d098e18a96/image/2098808d-2fda-4a3e-83e2-2a85192fdc16.jpg?versionId=3Ll0aQ1JZEib.SjxH6M0zDliZmMY49o9&bust=1741614170', 'https://dbw3zep4prcju.cloudfront.net/animal/a21de51b-3e22-4170-808e-b0d098e18a96/image/c511ddbb-18cd-47a0-a7f1-d5afdc4d0f98.jpg?versionId=V5Bjjv0VBYpkDCwQQIDsb86CSVCqDF_G&bust=1741614206', 'https://dbw3zep4prcju.cloudfront.net/animal/a21de51b-3e22-4170-808e-b0d098e18a96/image/92806baf-0bbf-4aa2-b613-7805466831a3.jpg?versionId=SYLINrQLUe7TLo0HXAO2eclVZTzirMm6&bust=1741614206']"
75505223,Scoobs,Mixed Breed,,Young,Male,Large,,adoptable,"Oneonta, NY","Super Heroes meet Scoobs! This handsome young guy is ready to steal your heart! He is a sweet, fun loving...",['https://dl5zpyw5k3jeb.cloudfront.net/photos/pets/75505223/1/?bust=1743115258']
75497123,Orlando,Chow Chow,,Senior,Male,Small,,adoptable,"Brewerton, NY","Orlando was adopted from us 8 years ago. He is now 9. 
Unfortunately, his mom had to go into a...",['https://dbw3zep4prcju.cloudfront.net/animal/2fdaa7b9-3ed3-4f0c-8630-b4b76e9abc33/image/ec97b9fe-410b-4e87-a60d-23340d9fb441.jpg?versionId=Lkqa3EBIoydsVG6YoE3wR4IRqVUbBDXL&bust=1741463105']
75496695,Peaches,Chow Chow,,Young,Female,Medium,,adoptable,"Brewerton, NY",Peaches is a beautiful two-three year old Chow Chow. She will need a home with a very Chow experienced owner....,['https://dbw3zep4prcju.cloudfront.net/animal/07669940-9bab-43fc-84b6-48ca900c0293/image/cc80a7b1-7e3f-4f2e-9199-40174f140728.jpg?versionId=530cBTQikbhxTtfYdOo1iRKo1HgcrUox&bust=1741461431']
75496677,Buddy,Chow Chow,,Young,Male,Medium,,adoptable,"Brewerton, NY","Buddy’s Fresh Start!

A warm bath and a good blowout worked wonders for Buddy! All that dead coat is gone,...","['https://dbw3zep4prcju.cloudfront.net/animal/7e678681-e21e-4d6e-b3b1-658ad97ac698/image/bf8a595b-7d52-4ec0-9434-22026f3990db.jpg?versionId=UK_XWmROjXucc1cStl4NNTEbnKYQthA7&bust=1741461038', 'https://dbw3zep4prcju.cloudfront.net/animal/7e678681-e21e-4d6e-b3b1-658ad97ac698/image/cd2d87b4-ddb3-4ea7-b31f-a5721778c665.jpg?versionId=dU3pGY3JIqBqdQv.iy.C2ZP94hFtT_aF&bust=1741461038']"
75494574,Dandelion,Boston Terrier,Husky,Adult,Female,Medium,,adoptable,"North Syracuse, NY",Dandelion has the most beautiful eyes and is so unique looking! She loves to run around the yards with the...,"['https://dl5zpyw5k3jeb.cloudfront.net/photos/pets/75494574/1/?bust=1743075875', 'https://dl5zpyw5k3jeb.cloudfront.net/photos/pets/75494574/2/?bust=1743040309', 'https://dl5zpyw5k3jeb.cloudfront.net/photos/pets/75494574/3/?bust=1743075872']"
75479491,Rocky,Pit Bull Terrier,,Adult,Male,Large,Short,adoptable,"Syracuse, NY","Rocky came to the shelter thru our cruelty department.

If you are interested in Rocky, check out our adoption process...",['https://dbw3zep4prcju.cloudfront.net/animal/9e232b68-b508-4df5-aa87-c122873eaae1/image/cb12e64d-8ae3-469c-9036-e0b100596025.jpg?versionId=xre1u_ZLRmADg_B6VgINps1RlybHHdVJ&bust=1742249165']
75479459,Hugo,Mixed Breed,,Adult,Male,Large,Short,adoptable,"Syracuse, NY","Hugo came to the shelter as a stray from the Town of Dewitt.  

If you are interested in Hugo, check...",['https://dbw3zep4prcju.cloudfront.net/animal/5dbcfafc-042c-4bf6-b4b5-a576f32bdaaa/image/29c93e6c-d650-4f62-b6fe-afdb8f544b26.jpg?versionId=_RIIDB1jYAqICQzI0jsDZEMmtcvlI6qJ&bust=1742249238']
75479443,Hershey,Labrador Retriever,,Adult,Male,Large,Medium,adoptable,"Syracuse, NY","Hershey came to the shelter as a stray from the Town of Lafayette.

If you are interested in Hershey, check...",['https://dbw3zep4prcju.cloudfront.net/animal/92c4f988-b232-4274-a119-d147e84959d5/image/e93ff685-97b7-4b4f-9449-95530fdc678a.jpg?versionId=g51BJu139noOjq9U5CDJaxtdjgy0pqa4&bust=1742938835']
75479349,Diesel,Mastiff,,Adult,Male,Large,Short,adoptable,"Syracuse, NY",Diesel was picked up as a stray in Syracuse and weighs about 80 pounds. He may have a bit of...,"['https://dbw3zep4prcju.cloudfront.net/animal/100635a4-2584-4c26-a2c4-14df08f979cd/image/22e89af4-c14c-49e1-b424-699ee373cd44.jpg?versionId=9LdpxTy1lk9SpzlCC6z97g4zWsPROm.4&bust=1742249338', 'https://dbw3zep4prcju.cloudfront.net/animal/100635a4-2584-4c26-a2c4-14df08f979cd/image/9577c023-3007-4a6a-bb5e-f9d7e2637519.jpg?versionId=vyEDyEk.bEA1V.Vi_WEsps2vt_Ibrt60&bust=1742249328']"
